{
    "criteria": {
        "place": {
            "trigger": "placed_block",
            "conditions": {
                "location": [
                    {
                        "condition": "match_tool",
                        "predicate": {
                            "components": {
                                "custom_data": {"elevator": true}
                            }
                        }
                    }
                ]
            }
        }
    },
    "parent": "elevator:root",
    "rewards": {
        "function": "elevator:place"
    }
}