{
  "type": "minecraft:crafting_shapeless",
  "ingredients": [
    {
      "item": "minecraft:sponge"
    },
    {
      "item": "minecraft:sponge"
    },
    {
      "item": "minecraft:sponge"
    },
    {
      "item": "minecraft:nether_star"
    },
    {
      "item": "minecraft:nether_star"
    },
    {
      "item": "minecraft:nether_star"
    },
    {
      "item": "minecraft:sponge"
    },
    {
      "item": "minecraft:sponge"
    },
    {
      "item": "minecraft:sponge"
    }
  ],
  "result": {
    "id": "minecraft:end_stone",
    "components": {
      "minecraft:enchantments": {
        "levels": {
          "minecraft:riptide": 0
        },
        "show_in_tooltip": false
      },
      "minecraft:item_name": "{\"text\":\"Magical Filling Sponge\"}"
    }
  }
}
