{
  "parent": "mobchallenge:peaceful",
  "criteria": {
    "impossible": {
      "trigger": "minecraft:impossible"
    }
  },
  "display": {
    "show_toast": true,
    "icon": {
      "item": "minecraft:player_head",
      "nbt": "{display:{Name:\"{\\\"text\\\":\\\"§r§eBat Head\\\"}\"},SkullOwner:{Id:\"e2d4c388-42d5-4a96-b4c9-623df7f5e026\",Properties:{textures:[{Value:\"eyJ0ZXh0dXJlcyI6eyJTS0lOIjp7InVybCI6Imh0dHA6Ly90ZXh0dXJlcy5taW5lY3JhZnQubmV0L3RleHR1cmUvNGNmMWIzYjNmNTM5ZDJmNjNjMTcyZTk0Y2FjZmFhMzkxZThiMzg1Y2RkNjMzZjNiOTkxYzc0ZTQ0YjI4In19fQ==\"}]}}}"
    },
    "description": " ",
    "title": {
      "translate": "entity.minecraft.bat"
    },
    "announce_to_chat": false
  }
}