{
  "parent": "mobchallenge:tropical_fish",
  "criteria": {
    "impossible": {
      "trigger": "minecraft:impossible"
    }
  },
  "display": {
    "show_toast": true,
    "icon": {
      "item": "minecraft:player_head",
      "nbt": "{display:{Name:\"{\\\"text\\\":\\\"§r§eSiamese Cat Head\\\"}\"},SkullOwner:{Id:\"1775ad8a-06ac-4d62-a21b-593dcfcd2192\",Properties:{textures:[{Value:\"eyJ0ZXh0dXJlcyI6eyJTS0lOIjp7InVybCI6Imh0dHA6Ly90ZXh0dXJlcy5taW5lY3JhZnQubmV0L3RleHR1cmUvYWI4ODFjMzliM2FmZGNjNzlmOTFmZTVkZTNjZGQwMTViYzMzNTM4NDNmNTkxZjRkMjNjZDMwMjdkZTRlNiJ9fX0=\"}]}}}"
    },
    "description": " ",
    "title": {
      "translate": "entity.minecraft.cat"
    },
    "announce_to_chat": false
  }
}