{
  "parent": "mobchallenge:blaze",
  "criteria": {
    "impossible": {
      "trigger": "minecraft:impossible"
    }
  },
  "display": {
    "show_toast": true,
    "icon": {
      "item": "player_head",
      "nbt": "{display:{Name:\"{\\\"text\\\":\\\"§r§eCave Spider Head\\\"}\"},SkullOwner:{Id:\"39173a7a-c957-4ec1-ac1a-43e5a64983df\",Properties:{textures:[{Value:\"eyJ0ZXh0dXJlcyI6eyJTS0lOIjp7InVybCI6Imh0dHA6Ly90ZXh0dXJlcy5taW5lY3JhZnQubmV0L3RleHR1cmUvNDE2NDVkZmQ3N2QwOTkyMzEwN2IzNDk2ZTk0ZWViNWMzMDMyOWY5N2VmYzk2ZWQ3NmUyMjZlOTgyMjQifX19\"}]}}}"
    },
    "description": " ",
    "title": {
      "translate": "entity.minecraft.cave_spider"
    },
    "announce_to_chat": false
  }
}