{
  "parent": "mobchallenge:bat",
  "criteria": {
    "impossible": {
      "trigger": "minecraft:impossible"
    }
  },
  "display": {
    "show_toast": true,
    "icon": {
      "item": "player_head",
      "nbt": "{display:{Name:\"{\\\"text\\\":\\\"§r§eChicken Head\\\"}\"},SkullOwner:{Id:\"7d3a8ace-e045-4eba-ab71-71dbf525daf1\",Properties:{textures:[{Value:\"eyJ0ZXh0dXJlcyI6eyJTS0lOIjp7InVybCI6Imh0dHA6Ly90ZXh0dXJlcy5taW5lY3JhZnQubmV0L3RleHR1cmUvMTYzODQ2OWE1OTljZWVmNzIwNzUzNzYwMzI0OGE5YWIxMWZmNTkxZmQzNzhiZWE0NzM1YjM0NmE3ZmFlODkzIn19fQ==\"}]}}}"
    },
    "description": " ",
    "title": {
      "translate": "entity.minecraft.chicken"
    },
    "announce_to_chat": false
  }
}