{
  "parent": "mobchallenge:salmon_mob",
  "criteria": {
    "impossible": {
      "trigger": "minecraft:impossible"
    }
  },
  "display": {
    "show_toast": true,
    "icon": {
      "item": "player_head",
      "nbt": "{display:{Name:\"{\\\"text\\\":\\\"§r§ePetrified Cod Head\\\"}\"},SkullOwner:{Id:\"d6d4c744-06b4-4a8a-bc7a-bdb0770bb1cf\",Properties:{textures:[{Value:\"eyJ0ZXh0dXJlcyI6eyJTS0lOIjp7InVybCI6Imh0dHA6Ly90ZXh0dXJlcy5taW5lY3JhZnQubmV0L3RleHR1cmUvMTNhODhlMjMxZjNiNTI5MmFjNTU0YjI1MzcyNjljNmYyY2M2NmE2NWE5MThlMTdjNTI2YjkzNmM2NmQ4ZSJ9fX0=\"}]}}}"
    },
    "description": " ",
    "title": {
      "translate": "entity.minecraft.cod"
    },
    "announce_to_chat": false
  }
}