{
  "parent": "mobchallenge:chicken",
  "criteria": {
    "impossible": {
      "trigger": "minecraft:impossible"
    }
  },
  "display": {
    "show_toast": true,
    "icon": {
      "item": "player_head",
      "nbt": "{display:{Name:\"{\\\"text\\\":\\\"§r§eCow Head\\\"}\"},SkullOwner:{Id:\"97ddf3b3-9dbe-4a3b-8a0f-1b19ddeac0bd\",Properties:{textures:[{Value:\"eyJ0ZXh0dXJlcyI6eyJTS0lOIjp7InVybCI6Imh0dHA6Ly90ZXh0dXJlcy5taW5lY3JhZnQubmV0L3RleHR1cmUvNWQ2YzZlZGE5NDJmN2Y1ZjcxYzMxNjFjNzMwNmY0YWVkMzA3ZDgyODk1ZjlkMmIwN2FiNDUyNTcxOGVkYzUifX19\"}]}}}"
    },
    "description": " ",
    "title": {
      "translate": "entity.minecraft.cow"
    },
    "announce_to_chat": false
  }
}