{
  "parent": "mobchallenge:cow",
  "criteria": {
    "impossible": {
      "trigger": "minecraft:impossible"
    }
  },
  "display": {
    "show_toast": true,
    "icon": {
      "item": "player_head",
      "nbt": "{display:{Name:\"{\\\"text\\\":\\\"§r§eDolphin Head\\\"}\"},SkullOwner:{Id:\"8b7ccd6d-36de-47e0-8d5a-6f6799c6feb8\",Properties:{textures:[{Value:\"eyJ0ZXh0dXJlcyI6eyJTS0lOIjp7InVybCI6Imh0dHA6Ly90ZXh0dXJlcy5taW5lY3JhZnQubmV0L3RleHR1cmUvOGU5Njg4Yjk1MGQ4ODBiNTViN2FhMmNmY2Q3NmU1YTBmYTk0YWFjNmQxNmY3OGU4MzNmNzQ0M2VhMjlmZWQzIn19fQ==\"}]}}}"
    },
    "description": " ",
    "title": {
      "translate": "entity.minecraft.dolphin"
    },
    "announce_to_chat": false
  }
}