{
  "parent": "mobchallenge:dolphin",
  "criteria": {
    "impossible": {
      "trigger": "minecraft:impossible"
    }
  },
  "display": {
    "show_toast": true,
    "icon": {
      "item": "player_head",
      "nbt": "{display:{Name:\"{\\\"text\\\":\\\"§r§eDonkey Head\\\"}\"},SkullOwner:{Id:\"1139f336-6575-4e51-a762-3baebb4dd2d0\",Properties:{textures:[{Value:\"eyJ0ZXh0dXJlcyI6eyJTS0lOIjp7InVybCI6Imh0dHA6Ly90ZXh0dXJlcy5taW5lY3JhZnQubmV0L3RleHR1cmUvZGZiNmMzYzA1MmNmNzg3ZDIzNmEyOTE1ZjgwNzJiNzdjNTQ3NDk3NzE1ZDFkMmY4Y2JjOWQyNDFkODhhIn19fQ==\"}]}}}"
    },
    "description": " ",
    "title": {
      "translate": "entity.minecraft.donkey"
    },
    "announce_to_chat": false
  }
}