{
  "parent": "mobchallenge:drowned",
  "criteria": {
    "impossible": {
      "trigger": "minecraft:impossible"
    }
  },
  "display": {
    "show_toast": true,
    "icon": {
      "item": "player_head",
      "nbt": "{display:{Name:\"{\\\"text\\\":\\\"§r§eElder Guardian Head\\\"}\"},SkullOwner:{Id:\"f2e933a7-614f-44e0-bf18-289b102104ab\",Properties:{textures:[{Value:\"eyJ0ZXh0dXJlcyI6eyJTS0lOIjp7InVybCI6Imh0dHA6Ly90ZXh0dXJlcy5taW5lY3JhZnQubmV0L3RleHR1cmUvMWM3OTc0ODJhMTRiZmNiODc3MjU3Y2IyY2ZmMWI2ZTZhOGI4NDEzMzM2ZmZiNGMyOWE2MTM5Mjc4YjQzNmIifX19\"}]}}}"
    },
    "description": " ",
    "title": {
      "translate": "entity.minecraft.elder_guardian"
    },
    "announce_to_chat": false
  }
}