{
  "parent": "mobchallenge:elder_guardian",
  "criteria": {
    "impossible": {
      "trigger": "minecraft:impossible"
    }
  },
  "display": {
    "show_toast": true,
    "icon": {
      "item": "player_head",
      "nbt": "{display:{Name:\"{\\\"text\\\":\\\"§r§eEnderman Head\\\"}\"},SkullOwner:{Id:\"0de98464-1274-4dd6-bba8-370efa5d41a8\",Properties:{textures:[{Value:\"eyJ0ZXh0dXJlcyI6eyJTS0lOIjp7InVybCI6Imh0dHA6Ly90ZXh0dXJlcy5taW5lY3JhZnQubmV0L3RleHR1cmUvN2E1OWJiMGE3YTMyOTY1YjNkOTBkOGVhZmE4OTlkMTgzNWY0MjQ1MDllYWRkNGU2YjcwOWFkYTUwYjljZiJ9fX0=\"}]}}}"
    },
    "description": " ",
    "title": {
      "translate": "entity.minecraft.enderman"
    },
    "announce_to_chat": false
  }
}