{
  "parent": "mobchallenge:aggressive",
  "criteria": {
    "impossible": {
      "trigger": "minecraft:impossible"
    }
  },
  "display": {
    "show_toast": true,
    "icon": {
      "item": "player_head",
      "nbt": "{display:{Name:\"{\\\"text\\\":\\\"§r§eEvoker Head\\\"}\"},SkullOwner:{Id:\"36ee7e5b-c092-48ad-9673-2a73b0a44b4f\",Properties:{textures:[{Value:\"eyJ0ZXh0dXJlcyI6eyJTS0lOIjp7InVybCI6Imh0dHA6Ly90ZXh0dXJlcy5taW5lY3JhZnQubmV0L3RleHR1cmUvYTAwZDNmZmYxNmMyZGNhNTliOWM1OGYwOTY1MjVjODY5NzExNjZkYmFlMTMzYjFiMDUwZTVlZTcxNjQ0MyJ9fX0=\"}]}}}"
    },
    "description": " ",
    "title": {
      "translate": "entity.minecraft.evoker"
    },
    "announce_to_chat": false
  }
}