{
  "parent": "mobchallenge:evocation_illager",
  "criteria": {
    "impossible": {
      "trigger": "minecraft:impossible"
    }
  },
  "display": {
    "show_toast": true,
    "icon": {
      "item": "player_head",
      "nbt": "{display:{Name:\"{\\\"text\\\":\\\"§r§eGhast Head\\\"}\"},SkullOwner:{Id:\"807f287f-6499-4e93-a887-0a298ab3091f\",Properties:{textures:[{Value:\"eyJ0ZXh0dXJlcyI6eyJTS0lOIjp7InVybCI6Imh0dHA6Ly90ZXh0dXJlcy5taW5lY3JhZnQubmV0L3RleHR1cmUvOGI2YTcyMTM4ZDY5ZmJiZDJmZWEzZmEyNTFjYWJkODcxNTJlNGYxYzk3ZTVmOTg2YmY2ODU1NzFkYjNjYzAifX19\"}]}}}"
    },
    "description": " ",
    "title": {
      "translate": "entity.minecraft.ghast"
    },
    "announce_to_chat": false
  }
}