{
  "parent": "mobchallenge:ghast",
  "criteria": {
    "impossible": {
      "trigger": "minecraft:impossible"
    }
  },
  "display": {
    "show_toast": true,
    "icon": {
      "item": "player_head",
      "nbt": "{display:{Name:\"{\\\"text\\\":\\\"§r§eMini Guardian\\\"}\"},SkullOwner:{Id:\"e57e58c0-bb9c-4cb0-a0a2-c137dfc91164\",Properties:{textures:[{Value:\"eyJ0ZXh0dXJlcyI6eyJTS0lOIjp7InVybCI6Imh0dHA6Ly90ZXh0dXJlcy5taW5lY3JhZnQubmV0L3RleHR1cmUvZGZiNjc1Y2I1YTdlM2ZkMjVlMjlkYTgyNThmMjRmYzAyMGIzZmE5NTAzNjJiOGJjOGViMjUyZTU2ZTc0In19fQ==\"}]}}}"
    },
    "description": " ",
    "title": {
      "translate": "entity.minecraft.guardian"
    },
    "announce_to_chat": false
  }
}