{
  "parent": "mobchallenge:donkey",
  "criteria": {
    "impossible": {
      "trigger": "minecraft:impossible"
    }
  },
  "display": {
    "show_toast": true,
    "icon": {
      "item": "player_head",
      "nbt": "{display:{Name:\"{\\\"text\\\":\\\"§r§eHorse Head\\\"}\"},SkullOwner:{Id:\"39023647-b293-4555-8b0f-b55157417a1a\",Properties:{textures:[{Value:\"eyJ0ZXh0dXJlcyI6eyJTS0lOIjp7InVybCI6Imh0dHA6Ly90ZXh0dXJlcy5taW5lY3JhZnQubmV0L3RleHR1cmUvNjE5MDI4OTgzMDg3MzBjNDc0NzI5OWNiNWE1ZGE5YzI1ODM4YjFkMDU5ZmU0NmZjMzY4OTZmZWU2NjI3MjkifX19\"}]}}}"
    },
    "description": " ",
    "title": {
      "translate": "entity.minecraft.horse"
    },
    "announce_to_chat": false
  }
}