{
  "parent": "mobchallenge:guardian",
  "criteria": {
    "impossible": {
      "trigger": "minecraft:impossible"
    }
  },
  "display": {
    "show_toast": true,
    "icon": {
      "item": "player_head",
      "nbt": "{display:{Name:\"{\\\"text\\\":\\\"§r§eHusk Head\\\"}\"},SkullOwner:{Id:\"2e387bc6-774b-4fda-ba22-eb54a26dfd9e\",Properties:{textures:[{Value:\"eyJ0ZXh0dXJlcyI6eyJTS0lOIjp7InVybCI6Imh0dHA6Ly90ZXh0dXJlcy5taW5lY3JhZnQubmV0L3RleHR1cmUvNzc3MDY4MWQxYTI1NWZiNGY3NTQ3OTNhYTA1NWIyMjA0NDFjZGFiOWUxMTQxZGZhNTIzN2I0OTkzMWQ5YjkxYyJ9fX0=\"}]}}}"
    },
    "description": " ",
    "title": {
      "translate": "entity.minecraft.husk"
    },
    "announce_to_chat": false
  }
}