{
  "parent": "mobchallenge:pillager",
  "criteria": {
    "impossible": {
      "trigger": "minecraft:impossible"
    }
  },
  "display": {
    "show_toast": true,
    "icon": {
      "item": "player_head",
      "nbt": "{display:{Name:\"{\\\"text\\\":\\\"§r§eIllager Beast\\\"}\"},SkullOwner:{Id:\"8bf8e668-e9ca-4fc5-be2e-adeb376d82a2\",Properties:{textures:[{Value:\"eyJ0ZXh0dXJlcyI6eyJTS0lOIjp7InVybCI6Imh0dHA6Ly90ZXh0dXJlcy5taW5lY3JhZnQubmV0L3RleHR1cmUvM2I2MjUwMWNkMWI4N2IzN2Y2MjgwMTgyMTBlYzU0MDBjYjY1YTRkMWFhYjc0ZTZhM2Y3ZjYyYWE4NWRiOTdlZSJ9fX0=\"}]}}}"
    },
    "description": " ",
    "title": {
      "translate": "entity.minecraft.illager_beast"
    },
    "announce_to_chat": false
  }
}