{
  "parent": "mobchallenge:illager_beast",
  "criteria": {
    "impossible": {
      "trigger": "minecraft:impossible"
    }
  },
  "display": {
    "show_toast": true,
    "icon": {
      "item": "player_head",
      "nbt": "{display:{Name:\"{\\\"text\\\":\\\"§r§eIllusioner\\\"}\"},SkullOwner:{Id:\"e8e38e8b-be1f-4c4e-aa41-8372a3976f65\",Properties:{textures:[{Value:\"eyJ0ZXh0dXJlcyI6eyJTS0lOIjp7InVybCI6Imh0dHA6Ly90ZXh0dXJlcy5taW5lY3JhZnQubmV0L3RleHR1cmUvNTEyNTEyZTdkMDE2YTIzNDNhN2JmZjFhNGNkMTUzNTdhYjg1MTU3OWYxMzg5YmQ0ZTNhMjRjYmViODhiIn19fQ==\"}]}}}"
    },
    "description": " ",
    "title": {
      "translate": "entity.minecraft.illusioner"
    },
    "announce_to_chat": false
  }
}