{
  "parent": "mobchallenge:snow_golem",
  "criteria": {
    "impossible": {
      "trigger": "minecraft:impossible"
    }
  },
  "display": {
    "show_toast": true,
    "icon": {
      "item": "player_head",
      "nbt": "{display:{Name:\"{\\\"text\\\":\\\"§r§eWitch Head\\\"}\"},SkullOwner:{Id:\"7cb6e9a5-994f-40d5-9bfc-4ba5d796d21e\",Properties:{textures:[{Value:\"eyJ0ZXh0dXJlcyI6eyJTS0lOIjp7InVybCI6Imh0dHA6Ly90ZXh0dXJlcy5taW5lY3JhZnQubmV0L3RleHR1cmUvODkwOTFkNzllYTBmNTllZjdlZjk0ZDdiYmE2ZTVmMTdmMmY3ZDQ1NzJjNDRmOTBmNzZjNDgxOWE3MTQifX19\"}]}}}"
    },
    "description": " ",
    "title": {
      "translate": "entity.minecraft.iron_golem"
    },
    "announce_to_chat": false
  }
}