{
  "parent": "mobchallenge:horse",
  "criteria": {
    "impossible": {
      "trigger": "minecraft:impossible"
    }
  },
  "display": {
    "show_toast": true,
    "icon": {
      "item": "player_head",
      "nbt": "{display:{Name:\"{\\\"text\\\":\\\"§r§eWhite Llama Head\\\"}\"},SkullOwner:{Id:\"60d7893f-b634-48b8-8d6e-f07fa14f5115\",Properties:{textures:[{Value:\"eyJ0ZXh0dXJlcyI6eyJTS0lOIjp7InVybCI6Imh0dHA6Ly90ZXh0dXJlcy5taW5lY3JhZnQubmV0L3RleHR1cmUvODAyNzdlNmIzZDlmNzgxOWVmYzdkYTRiNDI3NDVmN2FiOWE2M2JhOGYzNmQ2Yjg0YTdhMjUwYzZkMWEzNThlYiJ9fX0=\"}]}}}"
    },
    "description": " ",
    "title": {
      "translate": "entity.minecraft.llama"
    },
    "announce_to_chat": false
  }
}