{
  "parent": "mobchallenge:peaceful",
  "criteria": {
    "impossible": {
      "trigger": "minecraft:impossible"
    }
  },
  "display": {
    "show_toast": true,
    "icon": {
      "item": "player_head",
      "nbt": "{display:{Name:\"{\\\"text\\\":\\\"§r§eMooshroom Head\\\"}\"},SkullOwner:{Id:\"e206ac29-ae69-475b-909a-fb523d894336\",Properties:{textures:[{Value:\"eyJ0ZXh0dXJlcyI6eyJTS0lOIjp7InVybCI6Imh0dHA6Ly90ZXh0dXJlcy5taW5lY3JhZnQubmV0L3RleHR1cmUvZDBiYzYxYjk3NTdhN2I4M2UwM2NkMjUwN2EyMTU3OTEzYzJjZjAxNmU3YzA5NmE0ZDZjZjFmZTFiOGRiIn19fQ==\"}]}}}"
    },
    "description": " ",
    "title": {
      "translate": "entity.minecraft.mooshroom"
    },
    "announce_to_chat": false
  }
}