{
  "parent": "mobchallenge:mule",
  "criteria": {
    "impossible": {
      "trigger": "minecraft:impossible"
    }
  },
  "display": {
    "show_toast": true,
    "icon": {
      "item": "player_head",
      "nbt": "{display:{Name:\"{\\\"text\\\":\\\"§r§eOcelot Head\\\"}\"},SkullOwner:{Id:\"664dd492-3fcd-443b-9e61-4c7ebd9e4e10\",Properties:{textures:[{Value:\"eyJ0ZXh0dXJlcyI6eyJTS0lOIjp7InVybCI6Imh0dHA6Ly90ZXh0dXJlcy5taW5lY3JhZnQubmV0L3RleHR1cmUvNTY1N2NkNWMyOTg5ZmY5NzU3MGZlYzRkZGNkYzY5MjZhNjhhMzM5MzI1MGMxYmUxZjBiMTE0YTFkYjEifX19\"}]}}}"
    },
    "description": " ",
    "title": {
      "translate": "entity.minecraft.ocelot"
    },
    "announce_to_chat": false
  }
}