{
  "parent": "mobchallenge:pufferfish",
  "criteria": {
    "impossible": {
      "trigger": "minecraft:impossible"
    }
  },
  "display": {
    "show_toast": true,
    "icon": {
      "item": "player_head",
      "nbt": "{display:{Name:\"{\\\"text\\\":\\\"§r§ePanda Head\\\"}\"},SkullOwner:{Id:\"bf7435c9-b7eb-49e9-8887-60697f8081b9\",Properties:{textures:[{Value:\"eyJ0ZXh0dXJlcyI6eyJTS0lOIjp7InVybCI6Imh0dHA6Ly90ZXh0dXJlcy5taW5lY3JhZnQubmV0L3RleHR1cmUvZGNhMDk2ZWVhNTA2MzAxYmVhNmQ0YjE3ZWUxNjA1NjI1YTZmNTA4MmM3MWY3NGE2MzljYzk0MDQzOWY0NzE2NiJ9fX0=\"}]}}}"
    },
    "description": " ",
    "title": {
      "translate": "entity.minecraft.panda"
    },
    "announce_to_chat": false
  }
}