{
  "parent": "mobchallenge:ocelot",
  "criteria": {
    "impossible": {
      "trigger": "minecraft:impossible"
    }
  },
  "display": {
    "show_toast": true,
    "icon": {
      "item": "minecraft:player_head",
      "nbt": "{display:{Name:\"{\\\"text\\\":\\\"§r§eRed Parrot Head\\\"}\"},SkullOwner:{Id:\"d890586d-3e18-41fc-a93d-9040dc25409b\",Properties:{textures:[{Value:\"eyJ0ZXh0dXJlcyI6eyJTS0lOIjp7InVybCI6Imh0dHA6Ly90ZXh0dXJlcy5taW5lY3JhZnQubmV0L3RleHR1cmUvYTRiYThkNjZmZWNiMTk5MmU5NGI4Njg3ZDZhYjRhNTMyMGFiNzU5NGFjMTk0YTI2MTVlZDRkZjgxOGVkYmMzIn19fQ==\"}]}}}"
    },
    "description": " ",
    "title": {
      "translate": "entity.minecraft.parrot"
    },
    "announce_to_chat": false
  }
}