{
  "parent": "mobchallenge:parrot",
  "criteria": {
    "impossible": {
      "trigger": "minecraft:impossible"
    }
  },
  "display": {
    "show_toast": true,
    "icon": {
      "item": "player_head",
      "nbt": "{display:{Name:\"{\\\"text\\\":\\\"§r§ePig Head\\\"}\"},SkullOwner:{Id:\"e1e1c2e4-1ed2-473d-bde2-3ec718535399\",Properties:{textures:[{Value:\"eyJ0ZXh0dXJlcyI6eyJTS0lOIjp7InVybCI6Imh0dHA6Ly90ZXh0dXJlcy5taW5lY3JhZnQubmV0L3RleHR1cmUvNjIxNjY4ZWY3Y2I3OWRkOWMyMmNlM2QxZjNmNGNiNmUyNTU5ODkzYjZkZjRhNDY5NTE0ZTY2N2MxNmFhNCJ9fX0=\"}]}}}"
    },
    "description": " ",
    "title": {
      "translate": "entity.minecraft.pig"
    },
    "announce_to_chat": false
  }
}