{
  "parent": "mobchallenge:zombie_pigman",
  "criteria": {
    "impossible": {
      "trigger": "minecraft:impossible"
    }
  },
  "display": {
    "show_toast": true,
    "icon": {
      "item": "player_head",
      "nbt": "{display:{Name:\"{\\\"text\\\":\\\"§r§ePufferfish Head\\\"}\"},SkullOwner:{Id:\"b4630012-0e65-4a3d-bfd6-5024b782ab69\",Properties:{textures:[{Value:\"eyJ0ZXh0dXJlcyI6eyJTS0lOIjp7InVybCI6Imh0dHA6Ly90ZXh0dXJlcy5taW5lY3JhZnQubmV0L3RleHR1cmUvYTk1NTkzODg5OTNmZTc4MmY2N2JkNThkOThjNGRmNTZiY2Q0MzBlZGNiMmY2NmVmNTc3N2E3M2MyN2RlMyJ9fX0=\"}]}}}"
    },
    "description": " ",
    "title": {
      "translate": "entity.minecraft.pufferfish"
    },
    "announce_to_chat": false
  }
}