{
  "parent": "mobchallenge:pig",
  "criteria": {
    "impossible": {
      "trigger": "minecraft:impossible"
    }
  },
  "display": {
    "show_toast": true,
    "icon": {
      "item": "player_head",
      "nbt": "{display:{Name:\"{\\\"text\\\":\\\"§r§eBlack Rabbit Head\\\"}\"},SkullOwner:{Id:\"827f5a8f-1cd7-4148-872f-d3c7f424882f\",Properties:{textures:[{Value:\"eyJ0ZXh0dXJlcyI6eyJTS0lOIjp7InVybCI6Imh0dHA6Ly90ZXh0dXJlcy5taW5lY3JhZnQubmV0L3RleHR1cmUvNzJjNTgxMTZhMTQ3ZDFhOWEyNjI2OTIyNGE4YmUxODRmZThlNWYzZjNkZjliNjE3NTEzNjlhZDg3MzgyZWM5In19fQ==\"}]}}}"
    },
    "description": " ",
    "title": {
      "translate": "entity.minecraft.rabbit"
    },
    "announce_to_chat": false
  }
}