{
  "parent": "mobchallenge:rabbit",
  "criteria": {
    "impossible": {
      "trigger": "minecraft:impossible"
    }
  },
  "display": {
    "show_toast": true,
    "icon": {
      "item": "player_head",
      "nbt": "{display:{Name:\"{\\\"text\\\":\\\"§r§eYellow Sheep Head\\\"}\"},SkullOwner:{Id:\"f4b4f889-4cdb-458e-8c86-50d91c4c1c89\",Properties:{textures:[{Value:\"eyJ0ZXh0dXJlcyI6eyJTS0lOIjp7InVybCI6Imh0dHA6Ly90ZXh0dXJlcy5taW5lY3JhZnQubmV0L3RleHR1cmUvMjZhNDExMmRmMWU0YmNlMmE1ZTI4NDE3ZjNhYWZmNzljZDY2ZTg4NWMzNzI0NTU0MTAyY2VmOGViOCJ9fX0=\"}]}}}"
    },
    "description": " ",
    "title": {
      "translate": "entity.minecraft.sheep"
    },
    "announce_to_chat": false
  }
}