{
  "parent": "mobchallenge:phantom",
  "criteria": {
    "impossible": {
      "trigger": "minecraft:impossible"
    }
  },
  "display": {
    "show_toast": true,
    "icon": {
      "item": "player_head",
      "nbt": "{display:{Name:\"{\\\"text\\\":\\\"§r§eShulker Skull\\\"}\"},SkullOwner:{Id:\"cda568d7-46da-4468-a46a-4c1ed73faf53\",Properties:{textures:[{Value:\"eyJ0ZXh0dXJlcyI6eyJTS0lOIjp7InVybCI6Imh0dHA6Ly90ZXh0dXJlcy5taW5lY3JhZnQubmV0L3RleHR1cmUvMWU3MzgzMmUyNzJmODg0NGM0NzY4NDZiYzQyNGEzNDMyZmI2OThjNThlNmVmMmE5ODcxYzdkMjlhZWVhNyJ9fX0=\"}]}}}"
    },
    "description": " ",
    "title": {
      "translate": "entity.minecraft.shulker"
    },
    "announce_to_chat": false
  }
}