{
  "parent": "mobchallenge:peaceful",
  "criteria": {
    "impossible": {
      "trigger": "minecraft:impossible"
    }
  },
  "display": {
    "show_toast": true,
    "icon": {
      "item": "player_head",
      "nbt": "{display:{Name:\"{\\\"text\\\":\\\"§r§eSkeleton Horse Head\\\"}\"},SkullOwner:{Id:\"bcbce5bf-86c4-4e62-9fc5-0cc90de94b6d\",Properties:{textures:[{Value:\"eyJ0ZXh0dXJlcyI6eyJTS0lOIjp7InVybCI6Imh0dHA6Ly90ZXh0dXJlcy5taW5lY3JhZnQubmV0L3RleHR1cmUvNDdlZmZjZTM1MTMyYzg2ZmY3MmJjYWU3N2RmYmIxZDIyNTg3ZTk0ZGYzY2JjMjU3MGVkMTdjZjg5NzNhIn19fQ==\"}]}}}"
    },
    "description": " ",
    "title": {
      "translate": "entity.minecraft.skeleton_horse"
    },
    "announce_to_chat": false
  }
}