{
  "parent": "mobchallenge:slime",
  "criteria": {
    "impossible": {
      "trigger": "minecraft:impossible"
    }
  },
  "display": {
    "show_toast": true,
    "icon": {
      "item": "player_head",
      "nbt": "{display:{Name:\"{\\\"text\\\":\\\"§r§eSpider Head\\\"}\"},SkullOwner:{Id:\"8bdb71d0-4724-48b2-9344-e79480424798\",Properties:{textures:[{Value:\"eyJ0ZXh0dXJlcyI6eyJTS0lOIjp7InVybCI6Imh0dHA6Ly90ZXh0dXJlcy5taW5lY3JhZnQubmV0L3RleHR1cmUvY2Q1NDE1NDFkYWFmZjUwODk2Y2QyNThiZGJkZDRjZjgwYzNiYTgxNjczNTcyNjA3OGJmZTM5MzkyN2U1N2YxIn19fQ==\"}]}}}"
    },
    "description": " ",
    "title": {
      "translate": "entity.minecraft.spider"
    },
    "announce_to_chat": false
  }
}