{
  "parent": "mobchallenge:skeleton_horse",
  "criteria": {
    "impossible": {
      "trigger": "minecraft:impossible"
    }
  },
  "display": {
    "show_toast": true,
    "icon": {
      "item": "player_head",
      "nbt": "{display:{Name:\"{\\\"text\\\":\\\"§r§eSquid Head\\\"}\"},SkullOwner:{Id:\"f95d9504-ea2b-4b89-b2d0-d400654a7010\",Properties:{textures:[{Value:\"eyJ0ZXh0dXJlcyI6eyJTS0lOIjp7InVybCI6Imh0dHA6Ly90ZXh0dXJlcy5taW5lY3JhZnQubmV0L3RleHR1cmUvMDE0MzNiZTI0MjM2NmFmMTI2ZGE0MzRiODczNWRmMWViNWIzY2IyY2VkZTM5MTQ1OTc0ZTljNDgzNjA3YmFjIn19fQ==\"}]}}}"
    },
    "description": " ",
    "title": {
      "translate": "entity.minecraft.squid"
    },
    "announce_to_chat": false
  }
}