{
  "parent": "mobchallenge:stray",
  "criteria": {
    "impossible": {
      "trigger": "minecraft:impossible"
    }
  },
  "display": {
    "show_toast": true,
    "icon": {
      "item": "player_head",
      "nbt": "{display:{Name:\"{\\\"text\\\":\\\"§r§eVex Head\\\"}\"},SkullOwner:{Id:\"f83bcfc1-0213-4957-888e-d3e2fae71203\",Properties:{textures:[{Value:\"eyJ0ZXh0dXJlcyI6eyJTS0lOIjp7InVybCI6Imh0dHA6Ly90ZXh0dXJlcy5taW5lY3JhZnQubmV0L3RleHR1cmUvNWU3MzMwYzdkNWNkOGEwYTU1YWI5ZTk1MzIxNTM1YWM3YWUzMGZlODM3YzM3ZWE5ZTUzYmVhN2JhMmRlODZiIn19fQ==\"}]}}}"
    },
    "description": " ",
    "title": {
      "translate": "entity.minecraft.vex"
    },
    "announce_to_chat": false
  }
}