{
  "parent": "mobchallenge:aggressive",
  "criteria": {
    "impossible": {
      "trigger": "minecraft:impossible"
    }
  },
  "display": {
    "show_toast": true,
    "icon": {
      "item": "player_head",
      "nbt": "{display:{Name:\"{\\\"text\\\":\\\"§r§eWitch Head\\\"}\"},SkullOwner:{Id:\"7f92b3d6-5ee0-4ab6-afae-2206b9514a63\",Properties:{textures:[{Value:\"eyJ0ZXh0dXJlcyI6eyJTS0lOIjp7InVybCI6Imh0dHA6Ly90ZXh0dXJlcy5taW5lY3JhZnQubmV0L3RleHR1cmUvMjBlMTNkMTg0NzRmYzk0ZWQ1NWFlYjcwNjk1NjZlNDY4N2Q3NzNkYWMxNmY0YzNmODcyMmZjOTViZjlmMmRmYSJ9fX0=\"}]}}}"
    },
    "description": " ",
    "title": {
      "translate": "entity.minecraft.witch"
    },
    "announce_to_chat": false
  }
}