{
  "parent": "mobchallenge:special",
  "criteria": {
    "impossible": {
      "trigger": "minecraft:impossible"
    }
  },
  "display": {
    "show_toast": true,
    "icon": {
      "item": "minecraft:player_head",
      "nbt": "{display:{Name:\"{\\\"text\\\":\\\"§r§eWither\\\"}\"},SkullOwner:{Id:\"119c371b-ea16-47c9-ad7f-23b3d894520a\",Properties:{textures:[{Value:\"eyJ0ZXh0dXJlcyI6eyJTS0lOIjp7InVybCI6Imh0dHA6Ly90ZXh0dXJlcy5taW5lY3JhZnQubmV0L3RleHR1cmUvY2RmNzRlMzIzZWQ0MTQzNjk2NWY1YzU3ZGRmMjgxNWQ1MzMyZmU5OTllNjhmYmI5ZDZjZjVjOGJkNDEzOWYifX19\"}]}}}"
    },
    "description": " ",
    "title": {
      "translate": "entity.minecraft.wither"
    },
    "announce_to_chat": false
  }
}