{
  "parent": "mobchallenge:polar_bear",
  "criteria": {
    "impossible": {
      "trigger": "minecraft:impossible"
    }
  },
  "display": {
    "show_toast": true,
    "icon": {
      "item": "player_head",
      "nbt": "{display:{Name:\"{\\\"text\\\":\\\"§r§eWolf Head\\\"}\"},SkullOwner:{Id:\"9a7c65fb-309f-4c1a-96a1-4522c197b7fe\",Properties:{textures:[{Value:\"eyJ0ZXh0dXJlcyI6eyJTS0lOIjp7InVybCI6Imh0dHA6Ly90ZXh0dXJlcy5taW5lY3JhZnQubmV0L3RleHR1cmUvZTk1Y2JiNGY3NWVhODc2MTdmMmY3MTNjNmQ0OWRhYzMyMDliYTFiZDRiOTM2OTY1NGIxNDU5ZWExNTMxNyJ9fX0=\"}]}}}"
    },
    "description": " ",
    "title": {
      "translate": "entity.minecraft.wolf"
    },
    "announce_to_chat": false
  }
}