{
  "parent": "mobchallenge:zombie",
  "criteria": {
    "impossible": {
      "trigger": "minecraft:impossible"
    }
  },
  "display": {
    "show_toast": true,
    "icon": {
      "item": "player_head",
      "nbt": "{display:{Name:\"{\\\"text\\\":\\\"§r§eZombie Butcher Head\\\"}\"},SkullOwner:{Id:\"8315d5a2-1465-4160-a689-ecf2d91dd15d\",Properties:{textures:[{Value:\"eyJ0ZXh0dXJlcyI6eyJTS0lOIjp7InVybCI6Imh0dHA6Ly90ZXh0dXJlcy5taW5lY3JhZnQubmV0L3RleHR1cmUvOTYxZjE5ZmZkOGFlNDI1NzkyYzRiMTgxNzU2YWRmZjhkNDgxNzRhZWVmNThhMGYzMjdhMjhjNzQyYzcyNDQyIn19fQ==\"}]}}}"
    },
    "description": " ",
    "title": {
      "translate": "entity.minecraft.zombie_villager"
    },
    "announce_to_chat": false
  }
}