{
  "parent": "mobchallenge:villager",
  "criteria": {
    "impossible": {
      "trigger": "minecraft:impossible"
    }
  },
  "display": {
    "show_toast": true,
    "icon": {
      "item": "player_head",
      "nbt": "{display:{Name:\"{\\\"text\\\":\\\"§r§eZombie Horse Head\\\"}\"},SkullOwner:{Id:\"ab9ea02c-4fd1-4895-85c9-d2b407d5d6f2\",Properties:{textures:[{Value:\"eyJ0ZXh0dXJlcyI6eyJTS0lOIjp7InVybCI6Imh0dHA6Ly90ZXh0dXJlcy5taW5lY3JhZnQubmV0L3RleHR1cmUvZDIyOTUwZjJkM2VmZGRiMThkZTg2ZjhmNTVhYzUxOGRjZTczZjEyYTZlMGY4NjM2ZDU1MWQ4ZWI0ODBjZWVjIn19fQ==\"}]}}}"
    },
    "description": " ",
    "title": {
      "translate": "entity.minecraft.zombie_horse"
    },
    "announce_to_chat": false
  }
}