{
    "criteria": {
        "place": {
            "trigger": "placed_block",
            "conditions": {
                "location": [
                    {
                        "condition": "match_tool",
                        "predicate": {
                            "nbt": "{elevator:1b}"
                        }
                    }
                ]
            }
        }
    },
    "parent": "elevator:root",
    "rewards": {
        "function": "elevator:place"
    }
}