{
  "criteria": {
    "requirement": {
      "trigger": "minecraft:placed_block",
      "conditions": {
        "location": [
          {
            "condition": "minecraft:match_tool",
            "predicate": {
              "items": ["minecraft:end_stone"],
              "components": {
                "minecraft:enchantments": {
                  "levels": {
                    "minecraft:riptide": 0
                  },
                  "show_in_tooltip": false
                }
              }
            }
          }
        ]
      }
    }
  },
  "rewards": {
    "function": "fill_sponge:start/placed_sponge"
  }
}
