{
    "display": {
        "icon": {
            "item": "minecraft:white_banner",
            "nbt": "{BlockEntityTag:{Patterns:[{Color:9,Pattern:\"mr\"},{Color:8,Pattern:\"bs\"},{Color:7,Pattern:\"cs\"},{Color:8,Pattern:\"bo\"},{Color:15,Pattern:\"ms\"},{Color:8,Pattern:\"hh\"},{Color:8,Pattern:\"mc\"},{Color:15,Pattern:\"bo\"}]}}"
        },
        "title": "Obtain bad omen",
        "description": "I've got a bad feeling about this",
        "announce_to_chat": true
    },
    "parent": "25deeds:rabbit_stew",
    "criteria": {
        "bad_omen": {
            "trigger": "minecraft:effects_changed",
            "conditions": {
                "effects": {
                    "minecraft:bad_omen": {
                        "duration": {
                            "min": 1
                        },
                        "amplifier": {
                            "min": 0
                        }
                    }
                }
            }
        }
    }
}