{
    "display": {
        "icon": {
            "item": "azure_bluet"
        },
        "title": "I am blind!",
        "description": "Get blinded",
        "announce_to_chat": true
    },
    "parent": "25deeds:root",
    "criteria": {
        "blind": {
            "trigger": "effects_changed",
            "conditions": {
                "effects": {
                    "minecraft:blindness": {
                        "amplifier": {
                            "min": 0
                        },
                        "duration": {
                            "min": 0
                        }
                    }
                }
            }
        }
    }
}