{
    "display": {
        "icon": {
            "item": "end_crystal"
        },
        "title": "Careful, explosive",
        "description": "Obtain an end crystal.",
        "announce_to_chat": true
    },
    "parent": "25deeds:blindness",
    "criteria": {
        "crystal": {
            "trigger": "inventory_changed",
            "conditions": {
                "items": [
                    {
                        "item": "end_crystal"
                    }
                ]
            }
        }
    }
}