{
    "display": {
        "icon": {
            "item": "minecraft:map"
        },
        "title": "Fill a map",
        "description": "",
        "announce_to_chat": true
    },
    "parent": "25deeds:root",
    "criteria": {
        "map": {
            "trigger": "minecraft:inventory_changed",
            "conditions": {
                "items": [
                    {
                        "item": "minecraft:filled_map"
                    }
                ]
            }
        }
    }
}