{
    "display": {
        "icon": {
            "item": "glowstone_dust"
        },
        "title": "Glowing in the distance",
        "description": "Be affected by the glowing effect",
        "announce_to_chat": true
    },
    "parent": "25deeds:root",
    "criteria": {
        "glow": {
            "trigger": "effects_changed",
            "conditions": {
                "effects": {
                    "minecraft:glowing": {
                        "amplifier": {
                            "min": 0
                        },
                        "duration": {
                            "min": 1
                        }
                    }
                }
            }
        }
    }
}