{
    "display": {
        "icon": {
            "item": "netherite_sword"
        },
        "title": "The dark blade",
        "description": "Obtain a netherite sword",
        "announce_to_chat": true
    },
    "parent": "25deeds:heart_of_the_sea",
    "criteria": {
        "netherite_sword": {
            "trigger": "inventory_changed",
            "conditions": {
                "items": [
                    {
                        "item": "netherite_sword"
                    }
                ]
            }
        }
    }
}