{
    "display": {
        "icon": {
            "item": "golden_axe"
        },
        "title": "Angry Pigs",
        "description": "Kill a piglin brute.",
        "announce_to_chat": true
    },
    "parent": "25deeds:village_finder",
    "criteria": {
        "killed_piglin": {
            "trigger": "player_killed_entity",
            "conditions": {
                "entity": {
                    "type": "minecraft:piglin_brute"
                }
            }
        }
    }
}