{
    "display": {
        "icon": {
            "item": "popped_chorus_fruit"
        },
        "title": "Far Away Fruit",
        "description": "Pop a chorus fruit",
        "announce_to_chat": true
    },
    "parent": "25deeds:netherite_sword",
    "criteria": {
        "fruit": {
            "trigger": "inventory_changed",
            "conditions": {
                "items": [
                    {
                        "item": "popped_chorus_fruit"
                    }
                ]
            }
        }
    }
}