{
    "display": {
        "icon": {
            "item": "shulker_box"
        },
        "title": "Storage Wonder",
        "description": "Craft a Shulkerbox",
        "announce_to_chat": true
    },
    "parent": "25deeds:dragon_head",
    "criteria": {
        "shulker_box": {
            "trigger": "inventory_changed",
            "conditions": {
                "items": [
                    {
                        "item": "shulker_box"
                    }
                ]
            }
        }
    }
}