{
    "display": {
        "icon": {
            "item": "elytra"
        },
        "title": "To the skies!",
        "description": "Fly above the worldheight with an elytra",
        "announce_to_chat": true
    },
    "parent": "25deeds:popped_chorus_fruit",
    "criteria": {
        "flying_high": {
            "trigger": "location",
            "conditions": {
                "location": {
                    "position": {
                        "y": {
                            "min": 256
                        }
                    }
                },
                "player": {
                    "equipment": {
                        "chest": {
                            "item": "elytra"
                        }
                    }
                }
            }
        }
    }
}