{
    "display": {
        "icon": {
            "item": "minecraft:emerald"
        },
        "title": "Village Finder",
        "description": "Find all different types of villages",
        "announce_to_chat": true
    },
    "parent": "25deeds:end_crystal",
    "criteria": {
        "plains": {
            "trigger": "location",
            "conditions": {
                "location": {
                    "biome": "plains",
                    "feature": "village"
                }
            }
        },
        "taiga": {
            "trigger": "location",
            "conditions": {
                "location": {
                    "biome": "taiga",
                    "feature": "village"
                }
            }
        },
        "desert": {
            "trigger": "location",
            "conditions": {
                "location": {
                    "biome": "desert",
                    "feature": "village"
                }
            }
        },
        "tundra": {
            "trigger": "location",
            "conditions": {
                "location": {
                    "biome": "snowy_tundra",
                    "feature": "village"
                }
            }
        },
        "savanna": {
            "trigger": "location",
            "conditions": {
                "location": {
                    "biome": "savanna",
                    "feature": "village"
                }
            }
        }
    }
}