{
    "type": "minecraft:crafting_shaped",
    "group": "elevator.elevators",
    "category": "building",
    "pattern": [
      "WWW",
      "WPW",
      "WWW"
    ],
    "key": {
      "W": "#minecraft:wool",
      "P": [
        "minecraft:ender_pearl"
      ]
    },
    "result": {
      "id": "minecraft:chiseled_stone_bricks",
      "components": {
        "minecraft:enchantment_glint_override": true,
        "minecraft:custom_data": {
          "elevator": true
        },
        "minecraft:item_name": "{\"text\": \"Elevator\", \"italic\": false, \"color\": \"light_purple\"}",
        "minecraft:lore": [
          "{\"text\":\"A powerful elevator stone.\"}",
          "{\"text\": \"Place them on the same x & z\"}",
          "{\"text\":\"coordinates for them to link up.\"}",
          "\"\"",
          "{\"text\":\"Jump to go up.\",\"color\":\"gray\",\"italic\":true}",
          "{\"text\":\"Sneak to go down.\",\"color\":\"gray\",\"italic\":true}"
        ]
      },
      "count": 1
    },
    "show_notification": true
  }