{
    "display": {
        "icon": {
            "item": "sponge"
        },
        "title": "Dried up",
        "description": "Obtain a dried sponge",
        "announce_to_chat": true
    },
    "parent": "25deeds:glowing",
    "criteria": {
        "sponge": {
            "trigger": "inventory_changed",
            "conditions": {
                "items": [
                    {
                        "item": "sponge"
                    }
                ]
            }
        }
    }
}