{
    "display": {
        "icon": {
            "item": "heart_of_the_sea"
        },
        "title": "It's beating?!",
        "description": "Obtain a heart of the sea.",
        "announce_to_chat": true
    },
    "parent": "25deeds:nausea",
    "criteria": {
        "hots": {
            "trigger": "inventory_changed",
            "conditions": {
                "items": [
                    {
                        "item": "heart_of_the_sea"
                    }
                ]
            }
        }
    }
}