{
    "display": {
        "icon": {
            "item": "emerald_block"
        },
        "title": "Master Trader",
        "description": "Trade with any villager on master level",
        "announce_to_chat": true
    },
    "parent": "25deeds:void_death",
    "criteria": {
        "trader": {
            "trigger": "villager_trade",
            "conditions": {
                "villager": {
                    "nbt": "{VillagerData: {level: 5}}"
                }
            }
        }
    }
}