{
    "display": {
        "icon": {
            "item": "minecraft:potion",
            "nbt": "{Potion:\"minecraft:luck\"}"
        },
        "title": "Ow my stomach",
        "description": "Get nauseated",
        "announce_to_chat": true
    },
    "parent": "25deeds:root",
    "criteria": {
        "bad_omen": {
            "trigger": "minecraft:effects_changed",
            "conditions": {
                "effects": {
                    "minecraft:nausea": {
                        "duration": {
                            "min": 1
                        },
                        "amplifier": {
                            "min": 0
                        }
                    }
                }
            }
        }
    }
}