{
    "display": {
        "icon": {
            "item": "wither_rose"
        },
        "title": "Withering Beauty",
        "description": "Obtain a witherrose",
        "announce_to_chat": true
    },
    "parent": "25deeds:piglin_brute",
    "criteria": {
        "wither_rose": {
            "trigger": "inventory_changed",
            "conditions": {
                "items": [
                    {
                        "item": "wither_rose"
                    }
                ]
            }
        }
    }
}