{
    "parent": "25deeds:enchanter",
    "criteria": {
        "enchant": {
            "trigger": "enchanted_item",
            "conditions": {
                "levels": {
                    "min": 3
                },
                "player": {
                    "player": {
                        "level": {
                            "min": 30
                        }
                    }
                }
            }
        } 
    },
    "rewards": {
        "function": "25deeds:check/enchanter"
    }
}