{
  "type": "minecraft:crafting_shapeless",
  "category": "misc",
  "ingredients": [
    "minecraft:sponge",
    "minecraft:sponge",
    "minecraft:sponge",
    "minecraft:nether_star",
    "minecraft:nether_star",
    "minecraft:nether_star",
    "minecraft:sponge",
    "minecraft:sponge",
    "minecraft:sponge"
  ],
  "result": {
    "id": "minecraft:end_stone",
    "components": {
      "minecraft:enchantments": {
        "levels": {
          "minecraft:riptide": 1
        },
        "show_in_tooltip": false
      },
      "minecraft:item_name": "{\"text\":\"Magical Filling Sponge\"}"
    }
  }
}