{
  "criteria": {
    "place_super_spnge": {
      "trigger": "minecraft:placed_block",
      "conditions": {
        "location": [
          {
            "condition": "minecraft:block_state_property",
            "block": "minecraft:end_stone"
          },
          {
            "condition": "minecraft:match_tool",
            "predicate": {
              "enchantments": [
                {
                  "enchantment": "minecraft:riptide",
                  "levels": 1
                }
              ]
            }
          }
        ]
      }
    }
  },
  "rewards": {
    "function": "fill_sponge:start/placed_sponge"
  }
}